1,Adrienne Bailon1
2,Adrienne Bailon2
3,Adrienne Bailon3
4,Adrienne Bailon4
5,Alexandra Shipp1
6,Alexandra Shipp2
7,Alexandra Shipp3
8,Alexandra Shipp4
9,Amal Clooney1
10,Amal Clooney2
11,Amal Clooney3
12,Amal Clooney4
13,Andrew Garfield1
14,Andrew Garfield2
15,Andrew Garfield3
16,Andrew Garfield4
17,Andy Cohen1
18,Andy Cohen2
19,Andy Cohen3
20,Andy Cohen4
21,Angelina Jolie1
22,Angelina Jolie2
23,Angelina Jolie3
24,Angelina Jolie4
25,Anna Faris1
26,Anna Faris2
27,Anna Faris3
28,Anna Faris4
29,Barbara Walters1
30,Barbara Walters2
31,Barbara Walters3
32,Barbara Walters4
33,Ben Affleck1
34,Ben Affleck2
35,Ben Affleck3
36,Ben Affleck4
37,Benedict Cumberbatch1
38,Benedict Cumberbatch2
39,Benedict Cumberbatch3
40,Benedict Cumberbatch4
41,Nick Cannon1
42,Nick Cannon2
43,Nick Cannon3
44,Nick Cannon4
45,Nicki Minaj1
46,Nicki Minaj2
47,Nicki Minaj3
48,Nicki Minaj4
49,Nick Lachey1
50,Nick Lachey2
51,Nick Lachey3
52,Nick Lachey4
53,Paris Hilton1
54,Paris Hilton2
55,Paris Hilton3
56,Paris Hilton4
57,Paula Patton1
58,Paula Patton2
59,Paula Patton3
60,Paula Patton4
61,Rachel Frederickson1
62,Rachel Frederickson2
63,Rachel Frederickson3
64,Rachel Frederickson4
65,Rita Wilson1
66,Rita Wilson2
67,Rita Wilson3
68,Rita Wilson4
69,Angelina Jolie5
70,Angelina Jolie6
71,Angelina Jolie7
72,Angelina Jolie8
73,Angelina Jolie9
74,Angelina Jolie10
75,Angelina Jolie11
76,Angelina Jolie12
77,Angelina Jolie13
78,Angelina Jolie14
79,Angelina Jolie15
